Iso_code,Year,value
4,2010,4.8
4,2011,-2.6
4,2012,-2.0
4,2013,-2.1
4,2014,-0.6
4,2015,-0.4
4,2016,-1.2
4,2017,-2.5
4,2018,-5.3
8,1995,40.5
8,2000,51.1
8,2005,50.5
8,2010,67.5
8,2011,70.3
8,2012,70.2
8,2013,72.2
8,2014,73.2
8,2015,68.1
8,2016,66.4
8,2017,63.6
8,2018,58.8
12,1990,78.4
12,1995,45.0
12,2000,28.3
12,2005,7.3
12,2010,-6.6
12,2011,-4.5
12,2012,-2.1
12,2013,3.0
12,2014,18.0
12,2015,40.0
12,2016,54.4
12,2017,67.9
12,2018,72.7
24,1995,52.7
24,2000,-14.8
24,2005,1.9
24,2010,19.0
24,2011,15.5
24,2012,13.9
24,2013,17.1
24,2014,21.1
24,2015,27.0
24,2016,27.3
24,2017,29.7
24,2018,24.8
28,1990,53.4
28,1995,59.2
28,2000,76.4
28,2005,75.5
28,2010,99.3
28,2011,99.3
28,2012,91.8
28,2013,90.6
28,2014,80.9
28,2015,64.9
28,2016,62.3
28,2017,60.2
28,2018,57.8
32,1990,32.4
32,1995,27.9
32,2000,34.5
32,2005,34.9
32,2010,25.3
32,2011,26.5
32,2012,30.6
32,2013,33.2
32,2014,34.4
32,2015,40.4
32,2016,37.9
32,2017,38.9
51,1995,9.1
51,2000,11.5
51,2005,8.8
51,2010,27.8
51,2011,36.4
51,2012,41.4
51,2013,43.1
51,2014,51.3
51,2015,48.3
51,2016,54.4
51,2017,58.3
51,2018,62.5
36,1990,70.4
36,1995,80.5
36,2000,93.4
36,2005,113.3
36,2010,153.8
36,2011,151.2
36,2012,149.9
36,2013,155.3
36,2014,164.4
36,2015,175.7
36,2016,182.5
36,2017,176.2
36,2018,176.8
40,2005,126.0
40,2010,135.1
40,2011,132.1
40,2012,135.3
40,2013,130.4
40,2014,125.4
40,2015,123.5
40,2016,128.8
40,2017,125.1
40,2018,123.9
31,1995,12.5
31,2000,9.6
31,2005,11.2
31,2010,23.0
31,2011,19.2
31,2012,24.4
31,2013,23.1
31,2014,27.3
31,2015,40.7
31,2016,28.1
31,2017,12.4
31,2018,13.2
44,1990,58.5
44,1995,74.8
44,2000,52.7
44,2005,59.5
44,2010,82.5
44,2011,83.6
44,2012,79.8
44,2013,83.1
44,2014,79.7
44,2015,74.9
44,2016,75.6
44,2017,85.5
48,1990,-1.0
48,1995,28.4
48,2000,33.9
48,2005,41.8
48,2010,67.1
48,2011,72.2
48,2012,72.2
48,2013,79.2
48,2014,76.2
48,2015,90.9
50,1990,21.6
50,1995,26.7
50,2000,30.2
50,2005,47.7
50,2010,57.4
50,2011,61.3
50,2012,60.0
50,2013,57.9
50,2014,60.0
50,2015,60.2
50,2016,61.4
50,2017,63.7
50,2018,64.1
52,1990,51.1
52,1995,54.5
52,2000,58.2
52,2005,92.2
112,1995,15.0
112,2000,19.2
112,2005,21.8
112,2010,42.6
112,2011,30.8
112,2012,31.0
112,2013,37.9
112,2014,41.3
112,2015,49.8
112,2016,47.0
112,2017,41.7
112,2018,40.7
56,2005,100.8
56,2010,113.7
56,2011,114.0
56,2012,113.2
56,2013,112.1
56,2014,154.5
56,2015,147.7
56,2016,153.0
56,2017,135.0
56,2018,136.8
84,1990,26.8
84,1995,43.7
84,2000,43.5
84,2005,61.5
84,2010,69.6
84,2011,65.1
84,2012,63.6
84,2013,58.9
84,2014,57.9
84,2015,66.6
84,2016,70.7
84,2017,71.0
84,2018,71.4
204,1990,21.1
204,1995,10.9
204,2000,7.4
204,2005,10.1
204,2010,18.6
204,2011,21.8
204,2012,20.0
204,2013,21.0
204,2014,22.8
204,2015,22.9
204,2016,26.4
204,2017,28.4
204,2018,27.0
64,1990,-1.0
64,1995,9.9
64,2000,2.9
64,2005,21.8
64,2010,45.6
64,2011,50.5
64,2012,52.5
64,2013,49.8
64,2014,46.9
64,2015,51.8
64,2016,53.3
64,2017,59.6
64,2018,64.0
68,1990,23.0
68,1995,48.7
68,2000,62.0
68,2005,71.3
68,2010,49.4
68,2011,48.5
68,2012,48.7
68,2013,50.1
68,2014,55.2
68,2015,67.1
68,2016,76.3
68,2017,78.5
68,2018,83.6
70,2000,37.4
70,2005,38.9
70,2010,61.4
70,2011,62.4
70,2012,64.8
70,2013,65.1
70,2014,65.2
70,2015,63.9
70,2016,62.8
70,2017,62.4
70,2018,62.0
72,1990,-45.6
72,1995,-35.8
72,2000,-65.7
72,2005,-5.5
72,2010,10.9
72,2011,8.0
72,2012,15.0
72,2013,12.9
72,2014,8.3
72,2015,12.4
72,2016,16.1
72,2017,17.1
72,2018,19.8
76,1990,87.6
76,1995,56.1
76,2000,70.7
76,2005,76.2
76,2010,93.4
76,2011,95.2
76,2012,101.1
76,2013,100.0
76,2014,103.4
76,2015,107.1
76,2016,111.2
76,2017,111.4
76,2018,113.7
96,2000,38.6
96,2005,10.4
96,2010,22.7
96,2011,7.2
96,2012,12.0
96,2013,18.4
96,2014,25.5
96,2015,40.0
96,2016,35.5
96,2017,28.6
96,2018,28.4
100,1995,47.8
100,2000,17.1
100,2005,39.3
100,2010,67.0
100,2011,66.7
100,2012,67.3
100,2013,69.8
100,2014,62.4
100,2015,60.3
100,2016,54.3
100,2017,54.0
100,2018,54.3
854,1990,12.2
854,1995,5.6
854,2000,14.3
854,2005,16.5
854,2010,18.4
854,2011,18.6
854,2012,20.4
854,2013,26.0
854,2014,30.7
854,2015,33.1
854,2016,32.0
854,2017,34.1
854,2018,34.0
108,1990,16.8
108,1995,16.0
108,2000,21.6
108,2005,23.4
108,2010,26.6
108,2011,29.6
108,2012,28.8
108,2013,27.2
108,2014,29.4
108,2015,30.5
108,2016,35.7
108,2017,36.2
108,2018,43.0
132,1990,41.6
132,1995,59.4
132,2000,64.7
132,2005,72.3
132,2010,76.1
132,2011,82.1
132,2012,83.2
132,2013,84.1
132,2014,85.2
132,2015,84.5
132,2016,83.7
132,2017,85.8
132,2018,82.6
116,1995,5.3
116,2000,6.4
116,2005,7.2
116,2010,22.7
116,2011,24.2
116,2012,33.8
116,2013,46.8
116,2014,55.7
116,2015,65.1
116,2016,71.1
116,2017,74.4
116,2018,85.7
120,1990,30.9
120,1995,15.8
120,2000,13.3
120,2005,12.7
120,2010,9.3
120,2011,12.1
120,2012,13.1
120,2013,14.2
120,2014,14.9
120,2015,13.9
120,2016,18.4
120,2017,16.6
120,2018,19.3
124,1990,100.6
124,1995,111.0
124,2000,111.1
124,2005,196.5
140,1990,13.2
140,1995,11.4
140,2000,12.0
140,2005,17.7
140,2010,21.0
140,2011,22.9
140,2012,22.9
140,2013,33.1
140,2014,30.4
140,2015,30.6
140,2016,29.0
140,2017,25.3
140,2018,28.1
148,1990,11.5
148,1995,9.9
148,2000,12.3
148,2005,6.4
148,2010,7.6
148,2011,6.1
148,2012,5.5
148,2013,7.3
148,2014,11.0
148,2015,17.7
148,2016,24.8
148,2017,25.2
148,2018,22.5
152,1990,66.9
152,1995,53.5
152,2000,71.3
152,2005,80.4
152,2010,104.5
152,2011,108.9
152,2012,112.5
152,2013,115.3
152,2014,119.3
152,2015,120.7
152,2016,126.1
152,2017,127.8
152,2018,131.8
156,1990,88.4
156,1995,86.9
156,2000,118.4
156,2005,132.6
156,2010,142.5
156,2011,141.0
156,2012,149.6
156,2013,156.3
156,2014,167.9
156,2015,194.3
156,2016,216.2
156,2017,216.9
156,2018,218.3
170,1990,30.7
170,1995,37.2
170,2000,30.4
170,2005,50.0
170,2010,66.2
170,2011,65.3
170,2012,69.4
170,2013,69.5
170,2014,70.4
170,2015,52.4
170,2016,53.2
170,2017,56.3
170,2018,55.5
174,1990,12.0
174,1995,9.8
174,2000,8.2
174,2005,6.6
174,2010,13.0
174,2011,12.7
174,2012,12.7
174,2013,14.4
174,2014,15.9
174,2015,14.7
174,2016,18.8
174,2017,18.3
174,2018,17.9
178,1990,29.1
178,1995,17.3
178,2000,8.7
178,2005,1.1
178,2010,-14.3
178,2011,-16.1
178,2012,-8.9
178,2013,-7.2
178,2014,0.8
178,2015,21.5
178,2016,33.7
178,2017,36.3
178,2018,28.8
180,1990,25.3
180,1995,1.7
180,2000,1.8
180,2005,1.7
180,2010,0.8
180,2011,7.9
180,2012,6.5
180,2013,7.3
180,2014,7.9
180,2015,9.0
180,2016,11.6
180,2017,8.3
180,2018,8.0
188,1990,30.8
188,1995,16.3
188,2000,34.6
188,2005,46.7
188,2010,55.2
188,2011,58.8
188,2012,60.1
188,2013,65.5
188,2014,70.5
188,2015,74.3
188,2016,78.9
188,2017,81.8
188,2018,82.7
191,1995,41.0
191,2000,40.0
191,2005,62.9
191,2010,90.4
191,2011,88.7
191,2012,97.7
191,2013,89.5
191,2014,89.4
191,2015,87.3
191,2016,84.4
191,2017,76.5
191,2018,75.2
196,2005,198.7
196,2010,286.5
196,2011,298.8
196,2012,316.6
196,2013,306.1
196,2014,306.0
196,2015,308.4
196,2016,260.9
196,2017,235.9
196,2018,176.4
203,1995,66.1
203,2000,45.5
203,2005,41.6
203,2010,62.7
203,2011,68.2
203,2012,68.4
203,2013,69.3
203,2014,72.5
203,2015,68.9
203,2016,66.8
203,2017,62.1
203,2018,63.1
384,1990,44.5
384,1995,28.0
384,2000,22.4
384,2005,17.3
384,2010,26.9
384,2011,27.4
384,2012,27.9
384,2013,29.3
384,2014,30.5
384,2015,32.3
384,2016,34.5
384,2017,37.4
384,2018,39.1
208,1990,60.8
208,1995,52.6
208,2000,141.2
208,2005,184.9
208,2010,234.1
208,2011,237.8
208,2012,230.5
208,2013,214.6
208,2014,218.1
208,2015,213.6
208,2016,211.5
208,2017,197.3
208,2018,200.6
262,1990,40.6
262,1995,51.5
262,2000,36.1
262,2005,24.5
262,2010,35.7
262,2011,34.1
262,2012,35.4
262,2013,37.0
262,2014,36.1
262,2015,35.8
262,2016,34.6
262,2017,35.0
262,2018,37.2
212,1990,49.2
212,1995,59.3
212,2000,61.6
212,2005,52.7
212,2010,51.1
212,2011,55.9
212,2012,61.6
212,2013,63.7
212,2014,60.1
212,2015,51.3
212,2016,34.0
212,2017,36.7
212,2018,55.5
214,1990,31.5
214,1995,19.8
214,2000,31.5
214,2005,29.8
214,2010,39.6
214,2011,38.8
214,2012,41.4
214,2013,42.4
214,2014,44.1
214,2015,48.3
214,2016,50.9
214,2017,51.9
214,2018,50.3
218,1990,10.5
218,1995,20.8
218,2000,30.6
218,2005,19.1
218,2010,24.0
218,2011,25.0
218,2012,27.9
218,2013,29.4
218,2014,31.4
218,2015,31.5
218,2016,35.6
218,2017,37.7
218,2018,39.8
818,1990,100.1
818,1995,75.3
818,2000,89.0
818,2005,98.0
818,2010,69.4
818,2011,74.6
818,2012,73.1
818,2013,81.2
818,2014,87.1
818,2015,95.3
818,2016,119.6
818,2017,99.0
818,2018,91.8
222,1990,24.0
222,1995,43.1
222,2000,58.8
222,2005,68.1
222,2010,75.8
222,2011,75.5
222,2012,73.7
222,2013,79.5
222,2014,81.7
222,2015,85.8
222,2016,87.9
222,2017,88.9
222,2018,88.9
226,1990,36.8
226,1995,29.4
226,2000,4.7
226,2005,-21.5
226,2010,1.1
226,2011,-2.8
226,2012,-2.7
226,2013,-2.5
226,2014,3.3
226,2015,12.0
226,2016,21.1
226,2017,21.5
226,2018,20.8
232,1995,50.1
232,2000,150.5
232,2005,125.7
232,2010,114.4
232,2011,104.0
233,2005,68.0
233,2010,96.5
233,2011,82.5
233,2012,75.3
233,2013,71.1
233,2014,70.1
233,2015,75.8
233,2016,78.9
233,2017,72.9
233,2018,71.3
748,1990,10.4
748,1995,11.2
748,2000,9.8
748,2005,14.0
748,2010,14.4
748,2011,21.9
748,2012,16.3
748,2013,15.3
748,2014,16.6
748,2015,16.9
748,2016,21.7
748,2017,24.0
748,2018,27.8
231,1990,39.2
231,1995,30.1
231,2000,48.6
231,2005,49.5
242,1990,38.5
242,1995,45.8
242,2000,37.9
242,2005,111.6
242,2010,132.3
242,2011,115.6
242,2012,114.6
242,2013,112.0
242,2014,105.5
242,2015,111.4
242,2016,114.8
242,2017,116.2
246,2005,91.3
246,2010,152.2
246,2011,189.4
246,2012,165.4
246,2013,142.1
246,2014,164.4
246,2015,156.7
246,2016,154.4
246,2017,120.6
246,2018,137.7
250,2005,106.1
250,2010,143.8
250,2011,145.9
250,2012,147.7
250,2013,143.8
250,2014,146.8
250,2015,147.4
250,2016,154.8
250,2017,157.4
250,2018,160.0
266,1990,20.0
266,1995,18.3
266,2000,12.5
266,2005,9.7
266,2010,10.5
266,2011,11.5
266,2012,14.1
266,2013,12.9
266,2014,13.8
266,2015,16.9
266,2016,23.2
266,2017,18.4
266,2018,23.1
270,1990,3.4
270,1995,3.7
270,2000,7.4
270,2005,19.6
270,2010,39.0
270,2011,43.8
270,2012,44.2
270,2013,32.7
270,2014,36.3
270,2017,38.1
270,2018,37.6
268,1995,8.1
268,2000,21.5
268,2005,21.6
268,2010,35.5
268,2011,36.7
268,2012,38.4
268,2013,46.4
268,2014,52.5
268,2015,57.5
268,2016,65.4
268,2017,65.6
268,2018,71.9
276,2005,132.6
276,2010,164.8
276,2011,162.0
276,2012,156.9
276,2013,136.9
276,2014,139.5
276,2015,134.1
276,2016,133.1
276,2017,128.0
276,2018,125.9
288,1990,17.5
288,1995,18.9
288,2000,39.3
288,2005,30.8
288,2010,28.4
288,2011,27.5
288,2012,31.3
288,2013,26.4
288,2014,27.9
288,2015,27.2
288,2016,26.7
288,2017,24.5
300,2005,106.7
300,2010,147.6
300,2011,156.0
300,2012,139.1
300,2013,137.1
300,2014,137.8
300,2015,134.5
300,2016,124.4
300,2017,115.1
300,2018,91.9
308,1990,46.7
308,1995,53.9
308,2000,72.4
308,2005,61.4
308,2010,92.8
308,2011,95.7
308,2012,91.2
308,2013,79.4
308,2014,68.4
308,2015,56.9
308,2016,53.3
308,2017,48.8
308,2018,45.4
320,1990,25.9
320,1995,30.0
320,2000,25.9
320,2005,34.4
320,2010,36.5
320,2011,36.8
320,2012,39.1
320,2013,40.6
320,2014,41.8
320,2015,42.8
320,2016,41.9
320,2017,40.5
320,2018,41.1
324,1995,7.7
324,2000,8.9
324,2005,17.7
324,2010,25.8
324,2011,24.1
324,2012,16.0
324,2013,18.1
324,2014,21.5
324,2015,26.1
324,2016,23.1
624,1990,77.5
624,1995,3.1
624,2000,10.6
624,2005,7.2
624,2010,10.2
624,2011,12.0
624,2012,21.2
624,2013,18.3
624,2014,22.7
624,2015,24.4
624,2016,24.0
624,2017,20.9
624,2018,21.4
328,1990,265.9
328,1995,166.3
328,2000,100.5
328,2005,98.9
328,2010,48.7
328,2011,51.0
328,2012,50.4
328,2013,55.3
328,2014,60.8
328,2015,63.9
328,2016,61.6
328,2017,62.2
328,2018,68.9
332,1990,31.6
332,1995,25.3
332,2000,34.3
332,2005,34.3
332,2010,21.3
332,2011,18.1
332,2012,21.0
332,2013,26.2
332,2014,28.9
332,2015,32.2
332,2016,31.6
332,2017,32.9
332,2018,34.0
340,1990,25.3
340,1995,19.2
340,2000,23.5
340,2005,38.4
340,2010,49.6
340,2011,51.4
340,2012,55.3
340,2013,56.8
340,2014,57.5
340,2015,55.8
340,2016,60.5
340,2017,59.9
340,2018,64.1
344,1990,151.9
344,1995,142.0
344,2000,134.0
344,2005,139.8
344,2010,195.4
344,2011,207.1
344,2012,201.1
344,2013,222.6
344,2014,236.0
344,2015,211.9
344,2016,238.0
344,2017,249.1
344,2018,252.0
348,1995,79.3
348,2000,54.2
348,2005,61.4
348,2010,80.3
348,2011,76.8
348,2012,68.2
348,2013,65.1
348,2014,60.5
348,2015,58.2
348,2016,57.8
348,2017,58.2
348,2018,55.4
352,1990,48.6
352,1995,51.6
352,2000,94.8
352,2005,234.8
352,2010,244.3
352,2011,178.7
352,2012,150.8
352,2013,135.2
352,2014,111.3
352,2015,104.4
352,2016,95.5
352,2017,97.8
352,2018,96.7
356,1990,50.8
356,1995,43.6
356,2000,52.1
356,2005,59.3
356,2010,73.4
356,2011,76.1
356,2012,77.2
356,2013,77.9
356,2014,75.9
356,2015,75.6
356,2016,74.5
356,2017,72.1
360,1990,50.3
360,1995,51.8
360,2000,60.7
360,2005,46.2
360,2010,34.2
360,2011,36.5
360,2012,40.8
360,2013,43.4
360,2014,43.4
360,2015,46.8
360,2016,48.0
360,2017,47.0
360,2018,47.2
364,1990,59.9
364,1995,37.7
364,2000,40.6
364,2005,42.4
364,2010,54.2
364,2011,55.0
364,2012,60.5
364,2013,52.1
364,2014,56.5
364,2015,68.5
364,2016,77.6
368,2005,-1.0
368,2010,-1.2
368,2011,-0.5
368,2012,-1.9
368,2013,-1.4
368,2014,0.3
368,2015,8.8
368,2016,18.8
368,2017,17.9
368,2018,7.0
372,2005,152.7
372,2010,235.9
372,2011,228.5
372,2012,205.1
372,2013,192.3
372,2014,160.3
372,2015,107.0
372,2016,99.7
372,2017,84.8
372,2018,73.5
376,1990,94.6
376,1995,72.8
376,2000,72.2
376,2005,86.6
376,2010,88.9
376,2011,89.8
376,2012,85.9
376,2013,84.1
376,2014,84.4
376,2015,82.0
376,2016,80.7
376,2017,79.1
376,2018,80.3
380,2005,104.7
380,2010,160.5
380,2011,164.1
380,2012,177.4
380,2013,172.7
380,2014,172.1
380,2015,169.7
380,2016,169.8
380,2017,165.2
380,2018,162.9
388,1990,45.8
388,1995,27.1
388,2000,46.3
388,2005,56.1
388,2010,51.1
388,2011,49.6
388,2012,51.8
388,2013,51.7
388,2014,52.5
388,2015,49.8
388,2016,53.6
392,1990,253.0
392,1995,277.4
392,2000,295.0
392,2005,296.7
392,2010,313.8
392,2011,322.3
392,2012,329.7
392,2013,338.6
392,2014,346.5
392,2015,342.7
392,2016,348.6
400,1990,106.3
400,1995,82.8
400,2000,78.7
400,2005,109.7
400,2010,99.6
400,2011,106.5
400,2012,114.3
400,2013,111.7
400,2014,107.4
400,2015,106.0
400,2016,108.2
400,2017,109.2
398,1995,9.5
398,2000,12.3
398,2005,39.0
398,2010,45.4
398,2011,39.3
398,2012,40.2
398,2013,38.3
398,2014,36.1
398,2015,45.7
398,2016,43.3
398,2017,34.3
398,2018,38.2
404,1990,35.8
404,1995,42.7
404,2000,35.7
404,2005,37.4
404,2010,41.1
404,2011,41.7
404,2012,42.2
404,2013,43.8
404,2014,44.7
404,2015,45.2
404,2016,43.6
404,2017,40.6
404,2018,39.1
410,1990,49.0
410,1995,46.7
410,2000,70.9
410,2005,125.5
410,2010,151.0
410,2011,153.2
410,2012,155.8
410,2013,155.8
410,2014,162.3
410,2015,166.0
410,2016,169.6
410,2017,170.1
410,2018,176.9
414,1995,88.8
414,2000,70.4
414,2005,55.3
414,2010,75.3
414,2011,59.4
414,2012,51.4
414,2013,54.3
414,2014,61.1
414,2015,87.0
414,2016,95.8
414,2017,92.5
414,2018,79.9
417,1995,25.7
417,2000,12.2
417,2005,13.8
417,2010,12.5
417,2011,11.2
417,2012,12.8
417,2013,14.2
417,2014,15.9
417,2015,19.3
417,2016,18.7
417,2017,20.1
417,2018,22.4
418,1990,5.0
418,1995,9.9
418,2000,9.0
418,2005,8.1
418,2010,26.7
428,2010,91.0
428,2011,79.2
428,2012,63.9
428,2013,60.3
428,2014,53.9
428,2015,58.1
428,2016,57.2
428,2017,53.3
428,2018,44.5
422,1990,132.6
422,1995,82.9
422,2000,175.1
422,2005,179.7
422,2010,166.9
422,2011,173.8
422,2012,171.3
422,2013,177.5
422,2014,184.6
422,2015,194.2
422,2016,202.9
422,2017,199.0
426,1990,30.6
426,1995,-7.7
426,2000,3.1
426,2005,-0.9
426,2010,-5.8
426,2011,0.6
426,2012,2.9
426,2013,1.6
426,2014,0.6
426,2015,2.3
426,2016,9.2
426,2017,15.9
426,2018,17.3
430,2000,105.6
430,2005,109.2
430,2010,20.6
430,2011,22.3
430,2012,21.6
430,2013,24.0
430,2014,23.0
430,2015,23.4
430,2016,26.1
434,1990,103.5
434,1995,108.0
434,2000,50.7
434,2005,-41.5
434,2010,-60.4
434,2011,-114.7
434,2012,-57.5
434,2013,-57.9
434,2014,-42.0
434,2015,2.9
434,2016,55.8
434,2017,53.9
434,2018,43.4
440,2010,63.8
440,2011,57.0
440,2012,51.9
440,2013,50.9
440,2014,45.3
440,2015,47.2
440,2016,52.0
440,2017,45.9
440,2018,47.7
442,2005,128.5
442,2010,221.1
442,2011,209.8
442,2012,204.7
442,2013,188.2
442,2014,193.5
442,2015,193.3
442,2016,195.6
442,2017,193.9
442,2018,189.7
450,1990,22.2
450,1995,17.3
450,2000,15.2
450,2005,12.8
450,2010,12.6
450,2011,14.4
450,2012,15.5
450,2013,18.3
450,2014,19.2
450,2015,20.5
450,2016,20.6
450,2017,20.9
450,2018,21.0
454,1990,19.7
454,1995,14.6
454,2000,12.5
454,2005,12.5
454,2010,23.3
454,2011,26.7
454,2012,25.2
454,2013,21.0
454,2014,15.1
454,2015,17.0
454,2016,19.6
458,1990,72.7
458,1995,126.7
458,2000,138.4
458,2005,117.7
458,2010,123.3
458,2011,124.4
458,2012,129.8
458,2013,138.4
458,2014,140.6
458,2015,144.6
458,2016,145.1
458,2017,140.3
458,2018,143.1
462,1990,33.0
462,1995,34.9
462,2000,34.8
462,2005,47.0
462,2010,76.9
462,2011,70.7
462,2012,64.6
462,2013,60.6
462,2014,58.3
462,2015,61.3
462,2016,68.2
462,2017,64.6
462,2018,64.9
466,1990,12.3
466,1995,10.1
466,2000,11.7
466,2005,17.9
466,2010,15.5
466,2011,18.0
466,2012,21.1
466,2013,21.7
466,2014,24.0
466,2015,27.0
466,2016,31.3
466,2017,32.1
466,2018,32.3
470,2005,149.2
470,2010,148.9
470,2011,153.5
470,2012,150.6
470,2013,143.9
470,2014,136.1
470,2015,130.6
470,2016,124.1
470,2017,116.2
470,2018,116.2
478,1990,470.3
478,2005,522.6
478,2010,389.3
478,2011,346.2
478,2012,30.2
478,2013,31.0
478,2014,38.4
478,2015,42.4
478,2016,42.1
478,2017,42.9
480,1990,44.7
480,1995,66.1
480,2000,69.6
480,2005,103.8
480,2010,100.3
480,2011,103.2
480,2012,111.5
480,2013,120.3
480,2014,114.0
480,2015,116.3
480,2016,113.5
480,2017,125.7
480,2018,111.0
484,1990,37.6
484,1995,39.5
484,2000,28.0
484,2005,31.0
484,2010,43.6
484,2011,44.1
484,2012,45.6
484,2013,48.5
484,2014,49.1
484,2015,52.5
484,2016,54.7
484,2017,54.8
484,2018,54.4
583,1995,-31.0
583,2000,-42.3
583,2005,-24.5
583,2010,-14.7
583,2011,-18.3
583,2012,-19.1
583,2013,-27.2
583,2014,-26.2
583,2015,-32.7
583,2016,-41.2
583,2017,-46.8
498,1995,23.7
498,2000,25.2
498,2005,31.5
498,2010,30.3
498,2011,32.5
498,2012,36.4
498,2013,38.5
498,2014,32.6
498,2015,31.1
498,2016,26.7
498,2017,23.1
498,2018,20.9
496,1995,6.4
496,2000,9.0
496,2005,26.6
496,2010,25.8
496,2011,33.8
496,2012,25.7
496,2013,58.5
496,2014,66.4
496,2015,69.3
496,2016,76.0
496,2017,65.5
496,2018,65.5
499,2005,17.5
499,2010,67.4
499,2011,61.2
504,1990,36.7
504,1995,50.0
504,2000,77.3
504,2005,69.3
504,2010,119.5
504,2011,127.0
504,2012,132.1
504,2013,130.2
504,2014,132.3
504,2015,127.8
504,2016,132.4
504,2017,134.4
504,2018,110.2
508,1990,15.6
508,1995,4.8
508,2000,9.3
508,2005,7.1
508,2010,23.2
508,2011,24.3
508,2012,27.2
508,2013,28.5
508,2014,34.9
508,2015,43.2
508,2016,44.1
508,2017,32.1
508,2018,32.9
104,1990,39.6
104,1995,32.5
104,2000,31.2
104,2005,23.1
104,2010,25.2
104,2011,27.6
104,2012,22.7
104,2013,26.8
104,2014,28.9
104,2015,33.3
104,2016,39.3
104,2017,42.5
516,1990,16.5
516,1995,49.3
516,2000,43.6
516,2005,54.2
516,2010,51.7
516,2011,51.5
516,2012,49.7
516,2013,51.2
516,2014,55.5
516,2015,68.0
516,2016,76.9
516,2017,76.5
516,2018,77.3
524,1990,28.0
524,1995,34.0
524,2000,40.8
524,2005,42.2
524,2010,67.4
524,2011,66.7
524,2012,68.3
524,2013,69.0
524,2014,70.7
524,2015,75.0
524,2016,86.0
524,2017,85.7
524,2018,102.2
528,2005,164.6
528,2010,215.6
528,2011,221.4
528,2012,231.4
528,2013,206.9
528,2014,215.5
528,2015,204.4
528,2016,207.2
528,2017,190.8
528,2018,176.8
554,1990,77.4
554,1995,89.5
554,2000,108.0
554,2005,126.4
554,2010,150.7
554,2013,150.1
554,2014,158.7
554,2015,160.9
554,2016,165.4
554,2017,165.5
554,2018,154.8
558,1990,162.8
558,1995,91.1
558,2000,72.2
558,2005,61.6
558,2010,50.3
558,2011,46.3
558,2012,46.0
558,2013,48.5
558,2014,46.9
558,2015,47.8
558,2016,49.3
558,2017,51.2
558,2018,49.2
562,1990,16.2
562,1995,8.7
562,2000,9.2
562,2005,10.3
562,2010,14.2
562,2011,15.8
562,2012,14.5
562,2013,13.6
562,2014,14.7
562,2015,18.6
562,2016,20.4
562,2017,21.4
562,2018,22.0
566,1990,12.5
566,1995,15.3
566,2000,6.7
566,2005,5.5
566,2010,19.1
566,2011,22.4
566,2012,20.9
566,2013,21.9
566,2014,21.6
566,2015,23.1
566,2016,26.6
566,2017,23.3
566,2018,21.2
807,1995,24.5
807,2000,13.7
807,2005,18.6
807,2010,47.8
807,2011,46.1
807,2012,53.1
807,2013,54.7
807,2014,55.5
807,2015,60.8
807,2016,56.7
807,2017,60.5
807,2018,58.7
578,1990,65.0
578,1995,55.7
578,2000,67.0
578,2005,106.8
578,2010,126.0
578,2011,125.3
578,2012,123.2
578,2013,129.0
578,2014,134.7
578,2015,144.8
578,2016,150.2
578,2017,150.7
578,2018,147.6
512,1990,15.0
512,1995,25.6
512,2000,37.6
512,2005,27.8
512,2010,37.2
512,2011,34.1
512,2012,36.0
512,2013,36.6
512,2014,41.6
512,2015,65.4
512,2016,70.5
512,2017,71.0
512,2018,66.8
586,1990,50.9
586,1995,51.0
586,2000,41.6
586,2005,46.5
586,2010,46.2
586,2011,42.7
586,2012,46.2
586,2013,49.5
586,2014,47.5
586,2015,48.8
586,2016,52.4
586,2017,53.9
586,2018,58.3
275,2000,28.7
275,2005,30.8
275,2010,26.9
275,2011,31.1
275,2012,34.5
275,2013,32.5
275,2014,35.1
275,2015,43.7
275,2016,49.0
275,2017,52.9
275,2018,56.6
591,1990,43.5
591,1995,55.6
591,2000,89.0
591,2005,85.3
591,2010,80.4
591,2011,81.1
591,2012,80.4
591,2013,63.9
591,2014,78.0
591,2015,80.4
591,2016,80.7
591,2017,82.7
591,2018,82.6
598,1990,35.7
598,1995,29.2
598,2000,28.2
598,2005,22.2
598,2010,23.7
598,2011,21.8
598,2012,28.2
598,2013,35.4
598,2014,37.2
598,2015,40.5
598,2016,44.6
598,2017,41.9
598,2018,37.5
600,1990,13.5
600,1995,26.8
600,2000,25.0
600,2005,13.8
600,2010,21.9
600,2011,24.5
600,2012,28.4
600,2013,28.7
600,2014,31.3
600,2015,37.0
600,2016,34.4
600,2017,33.4
600,2018,35.9
604,1990,20.1
604,1995,12.3
604,2000,26.8
604,2005,17.6
604,2010,18.9
604,2011,19.1
604,2012,22.0
604,2013,26.0
604,2014,29.8
604,2015,33.2
604,2016,32.7
604,2017,35.1
604,2018,37.5
608,1990,23.2
608,1995,55.7
608,2000,58.3
608,2005,47.2
608,2010,49.2
608,2011,52.0
608,2012,50.9
608,2013,51.9
608,2014,55.9
608,2015,59.0
608,2016,63.5
608,2017,66.3
608,2018,69.1
616,1990,18.4
616,1995,29.4
616,2000,34.3
616,2005,38.4
616,2010,63.2
616,2011,65.9
616,2012,64.1
616,2013,67.2
616,2014,71.0
616,2015,73.1
616,2016,75.6
616,2017,73.4
616,2018,73.5
620,2005,142.0
620,2010,205.9
620,2011,204.8
620,2012,201.2
620,2013,188.6
620,2014,173.7
620,2015,166.6
620,2016,158.5
620,2017,152.9
620,2018,149.6
634,1990,33.6
634,1995,61.2
634,2000,40.1
634,2005,42.7
634,2010,71.6
634,2011,72.4
634,2012,79.8
634,2013,75.2
634,2014,81.9
634,2015,124.0
634,2016,147.7
634,2017,147.8
634,2018,132.8
642,1990,79.7
642,1995,22.3
642,2000,13.9
642,2005,20.9
642,2010,48.1
642,2011,49.4
642,2012,46.8
642,2013,41.8
642,2014,37.9
642,2015,37.5
642,2016,33.9
642,2017,32.9
642,2018,32.9
643,2014,47.9
643,2015,51.7
643,2016,58.8
643,2017,58.6
643,2018,53.9
646,1990,17.1
646,1995,13.0
646,2000,12.5
646,2005,7.3
646,2010,8.4
646,2011,9.2
646,2012,13.4
646,2013,12.5
646,2014,17.3
646,2015,19.2
646,2016,18.9
646,2017,19.0
646,2018,19.6
659,1990,57.2
659,1995,72.2
659,2000,95.8
659,2005,106.6
659,2010,115.5
659,2011,105.0
659,2012,101.2
659,2013,59.4
659,2014,75.4
659,2015,46.3
659,2016,42.8
659,2017,43.2
659,2018,37.7
662,1990,45.0
662,1995,54.7
662,2000,66.4
662,2005,72.7
662,2010,99.6
662,2011,99.9
662,2012,111.2
662,2013,111.0
662,2014,98.5
662,2015,85.2
662,2016,76.8
662,2017,70.0
662,2018,67.2
670,1990,40.7
670,1995,52.7
670,2000,64.2
670,2005,54.7
670,2010,54.9
670,2011,57.6
670,2012,58.4
670,2013,57.5
670,2014,58.0
670,2015,58.1
670,2016,55.1
670,2017,56.4
670,2018,55.1
882,1990,0.0
882,1995,9.1
882,2000,18.3
882,2005,31.8
882,2010,63.4
882,2011,62.0
882,2012,60.3
882,2013,66.5
882,2014,74.7
882,2015,74.3
882,2016,79.0
882,2017,78.7
882,2018,76.5
678,2005,4.0
678,2010,38.4
678,2011,40.4
678,2012,36.4
678,2013,30.2
678,2014,25.6
678,2015,23.6
678,2016,22.3
678,2017,24.2
678,2018,25.4
682,1990,12.8
682,1995,30.4
682,2000,34.5
682,2005,28.8
682,2010,-0.1
682,2011,-4.1
682,2012,-10.2
682,2013,-7.9
682,2014,1.8
682,2015,20.5
682,2016,34.1
682,2017,38.8
686,1990,26.6
686,1995,17.5
686,2000,18.6
686,2005,16.4
686,2010,26.5
686,2011,28.1
686,2012,27.8
686,2013,31.3
686,2014,32.0
686,2015,33.7
686,2016,36.3
686,2017,37.6
686,2018,35.4
688,2000,58.3
688,2005,26.6
688,2010,53.0
688,2011,50.3
688,2012,53.9
688,2013,46.6
688,2014,49.2
688,2015,51.1
688,2016,52.4
688,2017,50.9
688,2018,51.5
690,1990,42.3
690,1995,72.1
690,2000,110.1
690,2005,102.7
690,2010,49.6
690,2011,43.9
690,2012,36.5
690,2013,37.6
690,2014,35.2
690,2015,35.6
690,2016,40.2
690,2017,44.0
690,2018,41.1
694,1990,36.3
694,1995,64.8
694,2000,54.4
694,2005,18.3
694,2010,17.3
694,2011,16.3
694,2012,14.0
694,2013,12.2
694,2014,14.5
694,2015,18.6
694,2016,21.8
694,2017,21.9
694,2018,23.2
702,1990,58.6
702,1995,59.2
702,2000,76.5
702,2005,61.0
702,2010,79.6
702,2011,87.1
702,2012,93.3
702,2013,109.1
702,2014,123.5
702,2015,115.1
702,2016,126.2
702,2017,134.8
702,2018,136.6
703,2010,64.6
703,2011,65.9
703,2012,63.0
703,2013,62.0
703,2014,65.2
703,2015,73.5
703,2016,77.8
703,2017,79.3
703,2018,79.4
705,2005,64.4
705,2010,96.0
705,2011,92.4
705,2012,92.6
705,2013,82.9
705,2014,68.1
705,2015,70.8
705,2016,71.1
705,2017,68.5
705,2018,64.2
90,1990,23.8
90,1995,24.7
90,2000,26.5
90,2005,29.4
90,2010,26.8
90,2011,13.4
90,2012,11.3
90,2013,19.7
90,2014,21.9
90,2015,24.4
90,2016,29.2
90,2017,28.1
90,2018,27.9
710,1990,94.8
710,1995,135.7
710,2000,148.6
710,2005,178.2
710,2010,185.5
710,2011,171.5
710,2012,181.2
710,2013,181.9
710,2014,185.1
710,2015,176.4
710,2016,176.4
710,2017,180.4
728,2011,-6.1
728,2012,6.4
728,2013,9.6
728,2014,22.6
728,2015,32.7
728,2016,46.5
724,2005,155.6
724,2010,241.0
724,2011,248.9
724,2012,245.6
724,2013,223.6
724,2014,211.2
724,2015,193.6
724,2016,187.4
724,2017,178.1
724,2018,166.6
144,1990,38.0
144,1995,40.9
144,2000,43.7
144,2005,43.5
144,2010,35.5
144,2011,53.6
144,2012,54.2
144,2013,57.5
144,2014,60.9
144,2015,68.3
144,2016,71.3
729,1990,21.7
729,1995,5.0
729,2000,8.9
729,2005,13.5
729,2010,22.0
729,2011,23.7
729,2012,25.0
729,2013,22.1
729,2014,18.8
729,2015,18.1
729,2016,22.5
729,2017,23.3
729,2018,31.1
740,1990,109.2
740,1995,4.7
740,2000,31.7
740,2005,27.5
740,2010,26.9
740,2011,23.4
740,2012,25.6
740,2013,32.4
740,2014,38.7
740,2015,54.4
740,2016,52.8
740,2017,52.2
740,2018,45.2
752,1990,62.2
752,1995,44.3
752,2000,46.2
752,2005,117.0
752,2010,146.7
752,2011,152.3
752,2012,156.4
752,2013,149.1
752,2014,156.5
752,2015,150.8
752,2016,155.2
752,2017,165.8
752,2018,154.7
756,1990,158.4
756,1995,164.5
756,2000,158.0
756,2005,161.3
756,2010,172.8
756,2011,174.8
756,2012,182.3
756,2013,172.7
756,2014,174.0
756,2015,174.8
756,2016,179.3
760,1990,56.6
760,1995,48.2
760,2000,25.5
760,2005,35.3
762,2000,17.9
762,2005,13.0
762,2010,7.6
762,2011,13.8
762,2012,14.6
762,2013,19.5
762,2014,19.8
762,2015,20.8
762,2016,25.2
762,2017,15.7
762,2018,15.6
834,1990,34.6
834,1995,23.0
834,2000,8.2
834,2005,8.9
834,2010,15.2
834,2011,16.8
834,2012,17.7
834,2013,17.7
834,2014,19.4
834,2015,21.6
834,2016,19.3
834,2017,17.0
764,1990,94.1
764,1995,140.3
764,2000,134.3
764,2005,111.0
764,2010,133.4
764,2011,148.2
764,2012,155.9
764,2013,159.8
764,2014,167.2
764,2015,171.2
764,2016,170.3
764,2017,169.7
764,2018,167.0
626,2005,-2.5
626,2010,-5.5
626,2011,-4.9
626,2012,-10.2
626,2013,-8.3
626,2014,-0.4
626,2015,-4.1
626,2016,-8.5
626,2017,-8.6
626,2018,-10.9
768,1990,21.3
768,1995,26.0
768,2000,19.5
768,2005,19.5
768,2010,31.3
768,2011,34.4
768,2012,38.2
768,2013,43.3
768,2014,41.8
768,2015,45.3
768,2016,45.3
768,2017,48.4
768,2018,48.8
776,1990,30.0
776,1995,31.4
776,2000,38.8
776,2005,48.3
776,2010,39.9
776,2011,29.4
776,2012,26.5
776,2013,28.1
776,2014,29.3
776,2015,33.5
776,2016,34.2
776,2017,32.3
776,2018,31.6
780,1990,58.5
780,1995,53.8
780,2000,45.2
780,2005,23.1
780,2010,32.2
780,2011,24.6
780,2012,33.8
780,2013,30.4
780,2014,30.7
780,2015,37.3
780,2016,45.3
780,2017,47.3
780,2018,48.5
788,1990,62.5
788,1995,71.2
788,2000,66.4
788,2005,63.5
788,2010,74.1
788,2011,83.2
788,2012,83.4
788,2013,84.8
788,2014,86.4
788,2015,89.9
788,2016,93.2
788,2017,97.7
788,2018,93.3
792,1990,19.5
792,1995,27.8
792,2000,37.0
792,2005,44.0
792,2010,68.0
792,2011,66.7
792,2012,67.1
792,2013,72.9
792,2014,75.3
792,2015,77.5
792,2016,80.6
792,2017,80.8
792,2018,83.3
800,1995,4.4
800,2000,12.2
800,2005,8.6
800,2010,14.6
800,2011,18.7
800,2012,17.2
800,2013,17.9
800,2014,21.4
800,2015,24.2
800,2016,25.1
800,2017,25.1
800,2018,25.5
804,1995,15.5
804,2000,23.8
804,2005,33.3
804,2010,94.2
804,2011,87.3
804,2012,87.9
804,2013,95.0
804,2014,108.5
804,2015,85.2
804,2016,78.7
804,2017,65.5
804,2018,50.6
784,1990,23.2
784,1995,28.9
784,2000,28.9
784,2005,42.7
784,2010,93.0
784,2011,82.1
784,2012,76.7
784,2013,82.2
784,2014,82.4
784,2015,103.6
784,2016,109.2
784,2017,102.4
784,2018,91.3
826,1990,109.5
826,1995,103.6
826,2000,116.6
826,2005,146.2
826,2010,205.3
826,2011,196.0
826,2012,191.1
826,2013,179.1
826,2014,166.2
826,2015,160.5
826,2016,165.3
826,2017,166.5
840,1990,145.6
840,1995,166.2
840,2000,191.6
840,2005,217.3
840,2010,224.7
840,2011,224.8
840,2012,227.2
840,2013,239.1
840,2014,242.0
840,2015,235.5
840,2016,240.8
840,2017,249.7
840,2018,235.6
858,1990,46.7
858,1995,32.4
858,2000,50.2
858,2005,38.4
858,2010,31.7
858,2011,29.4
858,2012,31.4
858,2013,35.4
858,2014,35.6
858,2015,36.4
858,2016,35.0
858,2017,35.1
858,2018,36.0
548,1990,30.8
548,1995,33.7
548,2000,35.6
548,2005,44.5
548,2010,63.7
548,2011,67.7
548,2012,70.0
548,2013,68.7
548,2014,72.1
548,2015,65.5
548,2016,60.9
548,2017,58.0
548,2018,52.6
862,1990,37.4
862,1995,35.8
862,2000,14.9
862,2005,12.6
862,2010,22.5
862,2011,33.7
862,2012,48.3
862,2013,61.9
704,1995,20.1
704,2000,35.1
704,2005,65.4
704,2010,124.7
704,2011,110.2
704,2012,104.9
704,2013,108.2
704,2014,113.8
704,2015,128.3
704,2016,140.1
704,2017,141.9
704,2018,141.9
887,1990,51.8
887,1995,41.9
887,2000,5.3
887,2005,6.0
887,2010,19.5
887,2011,23.4
887,2012,27.1
887,2013,30.1
894,1990,67.8
894,1995,58.4
894,2000,64.0
894,2005,19.4
894,2010,15.1
894,2011,21.1
894,2012,21.9
894,2013,26.3
894,2014,25.8
894,2015,29.7
894,2016,27.0
894,2017,21.8
894,2018,22.3
716,1990,41.7
716,1995,52.3
716,2000,52.2
716,2005,55.3
